Latitude,Longitude,Lieu,Jours sur place,Best Period,num mois
29.976,-90.078224,La-Nouvelle-Orlean,2,Oct,10

25.4267,-100.9954,Saltillo (Coahuila),2,Oct,10
26.9069,-101.4206,Cuatro Cienegas (Coahuila),2,Oct,10
24.0277,-104.6532,Durango (Durango),2,Nov,11
23.6345,-103.6440,Zacatecas (Zacatecas),3,Nov,11
21.8853,-102.2916,Aguascalientes,1,Nov,11
22.1516,-100.9764,San Luis Potosi,1,Nov,11
20.5888,-100.3899,Santiago de Queretaro,2,Dec,12
19.4326,-99.1332,Mexico City,4,Dec,12

17.0732,-96.7266,Oaxaca,3,Dec,12
16.7369,-92.6376,San Cristobal de las Casas,3,Dec,12

14.6349,-90.5069,Guatemala City,1,Jan,01
14.5586,-90.7340,Antigua Guatemala,3,Jan,01
14.8333,-91.5167,Lake Atitlan,3,Feb,02

13.6929,-89.2182,San Salvador,1,Feb,02
13.7942,-88.8965,Suchitoto,2,Feb,02

12.1364,-86.2514,Managua,1,Feb,02
11.9344,-85.9560,Granada Nicaragua,3,Feb,02
11.2524,-85.8700,Ometepe Island,3,Mar,03

10.6329,-85.4377,Liberia Costa Rica,1,Mar,03
10.3000,-85.8400,Tamarindo,2,Mar,03
9.7489,-83.7534,San Jose Costa Rica,1,Mar,03
9.3922,-84.1340,Manuel Antonio,3,Mar,03
9.4333,-84.1333,Quepos,1,Mar,03

9.1650,-79.8390,Panama City,3,Mar,03
9.3122,-78.9500,Puerto Carti,2,Apr,04

8.89226,-76.354925,Los Cordobas,1,Apr,04
10.393,-75.514,Parc Tayrona Cabo San Juan,2,Apr,04
11.307,-74.204,Parc National Tayrona Colombie,4,May,05
10.423,-75.551,Cartagena de Indias Colombie,3,May,05
6.251,-75.564,Medellín Colombie,2,May,05
6.244,-75.581,Guatapé & Piedra del Peñol Colombie,3,May,05
3.807,-75.162,Tatacoa Desert Colombie,2,May,05
5.638,-75.570,Salento Colombie,3,May,05
4.638,-75.882,Vallée de Cocora Colombie,2,May,05
5.600,-75.820,Jardín Colombie,2,May,05
1.248,-77.326,Santuario de Las Lajas Colombie,2,Jun,06
0.044,-77.345,Amazonie Colombienne Leticia,4,Jun,06

-0.220,-78.512,Quito centre historique Équateur,2,Jun,06
-0.677,-78.437,Parc National Cotopaxi Équateur,2,June,06
-0.858,-78.898,Cratère Quilotoa Équateur,2,June,06
-1.406,-78.425,Volcan Chimborazo Équateur,2,Jul,07
-2.782,-78.783,Parc National Cajas Équateur,2,July
-0.678,-80.093,Isla de la Plata Équateur,3,Jul,07

-12.046,-77.042,Lima côte Pacifique falaises,2,Jul,07
-14.087,-75.763,Huacachina désert d’Ica,2,Jul,07
-11.4192,-75.7164,Caraz,8,Aug,08
-8.947,-77.648,Cañón del Pato Pérou,1,August,08
-9.924,-77.652,Laguna Parón Pérou,2,August,08
-9.189,-75.015,Cordillère Blanche Pérou,5,Aug,08
-13.329,-72.197,Vallée Sacrée des Incas,4,Aug,08
-14.166,-71.338,Montagne Arc-en-ciel Vinicunca Pérou,2,August,08
-13.163,-72.545,Machu Picchu Pérou,3,Aug,08
-13.847,-71.302,Colca Canyon Pérou,3,September,08

-15.840,-70.021,Lac Titicaca Pérou Bolivie,4,Sep,09
-16.166,-69.083,Île du Soleil Bolivie,3,Sep,09
-16.489,-68.119,La Paz Bolivie,2,Sep,09
-18.133,-65.767,Parc National Torotoro Bolivie,3,September,09
-18.108,-68.881,Parc National Sajama Bolivie,2,September,09
-20.133,-67.489,Salar de Uyuni Bolivie,4,Sep,09
-21.946,-68.230,Lagunes Altiplano Bolivie,3,Sep,09

-22.837,-67.774,Laguna Miscanti Chili,1,October***
-22.910,-68.199,Valle de la Luna Chili,2,October,10
-24.091,-70.246,Mano del Desierto Chili,1,October,10
-23.652,-67.990,Désert d’Atacama Chili,5,Oct,10
-26.246,-69.197,Parc Nevado Tres Cruces Chili,3,October,10

-32.653,-70.011,Aconcagua Parc Argentine,4,Oct,October
-32.890,-68.827,Mendoza vignobles Argentine,2,Nov,November
-47.147,-70.656,Cueva de las Manos Argentine,2,November
-41.133,-71.310,Bariloche & lacs Argentine,5,Nov,November
-41.970,-71.533,El Bolsón Argentine,2,November
-42.640,-71.620,Parc National Lago Puelo Argentine,2,November
-42.880,-71.326,Parc Los Alerces Argentine,3,Nov,November
-49.272,-72.985,El Chaltén Fitz Roy Argentine,3,Dec,December
-50.942,-73.406,Glacier Perito Moreno Argentine,3,Dec,December
-49.331,-72.886,Parc Torres del Paine Chili,6,Dec,December
-52.329,-68.364,Cabo Vírgenes Argentine,2,December
-54.801,-68.303,Ushuaïa Terre de Feu,4,Dec,December
-23.139,-65.348,Quebrada de Humahuaca Argentine,3,October
-27.126,-55.537,Missions Jésuites Argentine,2,Nov,November

-25.695,-54.436,Chutes d’Iguazú,3,Oct,October
-29.170,-50.102,Aparados da Serra Brésil,3,November
-28.390,-49.541,Serra do Rio do Rastro Brésil,2,November
-27.599,-48.549,Florianópolis plages sauvages,4,Dec,December
-24.020,-46.462,Ilha do Cardoso Brésil,3,Nov,November
-23.550,-46.633,São Paulo Brésil,3,Oct,October
-22.951,-43.210,Rio de Janeiro panoramas,5,Nov,November

-36.848,174.763,Auckland Nouvelle-Zélande,2
-38.685,176.070,Rotorua volcans Nouvelle-Zélande,3
-39.272,175.580,Parc Tongariro Nouvelle-Zélande,3
-43.532,172.636,Christchurch Nouvelle-Zélande,2
-45.031,168.662,Queenstown Nouvelle-Zélande,4
-44.673,167.925,Milford Sound Nouvelle-Zélande,3

-33.868,151.209,Sydney falaises & océan,3
-36.890,148.262,Parc Kosciuszko Australie,4
-42.882,147.325,Tasmanie sauvage,6
-25.344,131.036,Uluru Australie,3
-20.282,148.699,Whitsundays Australie,2
-18.287,147.699,Great Barrier Reef îles,5
-16.918,145.778,Daintree Rainforest Australie,4

-8.340,115.092,Bali volcans & rizières,6
-8.409,115.188,Lombok Mont Rinjani,4
-8.561,119.484,Flores & Komodo,5
-4.011,122.519,Wakatobi récifs Indonésie,4
-10.171,123.597,Île de Rote Indonésie,3
-2.877,132.296,Raja Ampat Papouasie,6
0.789,113.921,Bornéo Kalimantan jungle,6
4.210,118.616,Sabah Bornéo montagnes,4
6.035,116.558,Mont Kinabalu Malaisie,4
4.048,114.805,Mulu Caves National Park Malaisie,3

25.038,102.718,Kunming Yunnan Chine,2
28.178,102.259,Région du Yunnan Nord (Shangri-La),4
30.658,104.064,Chengdu pandas & Sichuan,3
30.997,103.672,Mont Qingcheng Chine,3
29.563,106.551,Chongqing montagnes urbaines Chine,2
31.230,121.473,Shanghai mégapole Chine,3
34.385,109.273,Xi’an armée de terre cuite Chine,3
36.061,103.834,Lanzhou Fleuve Jaune Chine,2
37.872,112.549,Pingyao ville ancienne Chine,2
40.142,94.661,Dunhuang grottes de Mogao Chine,3
42.950,89.189,Turpan désert & oasis Chine,2
43.825,87.616,Urumqi Xinjiang Chine,2

41.204,74.766,Tian Shan Kirghizistan,6
42.491,78.395,Lac Issyk-Kul Kirghizistan,4
38.576,68.779,Pamir Tadjikistan,5
39.654,66.959,Samarkand Ouzbékistan,3
37.960,58.326,Désert du Karakoum Turkménistan,3

38.963,35.243,Cappadoce Turquie,4
41.008,28.978,Bosphore panoramas Istanbul,2
43.075,25.617,Montagnes Balkans,4
46.852,23.591,Monts Apuseni Roumanie,4
49.820,20.040,Tatras Pologne Slovaquie,4
50.064,19.945,Cracovie & environs,3
52.229,21.012,Varsovie fin du voyage,2
